Energy Type,Conversion Method,Conversion Efficiency,Primary Use,Typical Installation Location,Primary Environmental Impact,
Solar,Photovoltaic Cells,15-22%,Electricity,"Rooftops, Ground",Minimal,
Wind,Wind Turbines,35-45%,Electricity,"Offshore, Rural areas",Habitat disruption,
Hydroelectric,Hydro Turbines,85-90%,Electricity,"Rivers, Dams",Aquatic ecosystem impact,
Nuclear,Nuclear Reactors,33-37%,Electricity,Secure facilities,Radioactive waste,
Coal,Coal-Fired Power Plant,33-40%,Electricity,Rural areas,High CO2 emissions,
Natural Gas,Combined Cycle Gas Turbine,50-60%,Electricity,Urban areas,CO2 emissions,
Biomass,Bioenergy Systems,20-25%,Electricity,Agricultural areas,Variable impacts,
Geothermal,Geothermal Power Plants,10-20%,Electricity,Volcanic areas,Minimal,
Tidal,Tidal Stream Generators,65-80%,Electricity,Coastal areas,Habitat disruption,
Solar Thermal,Solar Thermal Collectors,20-25%,Heating,"Rooftops, Desert areas",Minimal,
Wave,Wave Energy Converters,10-15%,Electricity,Coastal areas,Habitat disruption,
Diesel,Diesel Generators,30-40%,Electricity,Urban areas,High CO2 emissions,
Petroleum,Oil-Fired Power Plants,28-35%,Electricity,Urban areas,High CO2 emissions,
