Country,Currency,$0.01 Coin
Afghanistan,Afghani (AFN),No $0.01 coin
Albania,Albanian Lek (ALL),No $0.01 coin
Algeria,Algerian Dinar (DZD),No $0.01 coin
Andorra,Andorran Euro (EUR),No $0.01 coin
Angola,Angolan Kwanza (AOA),No $0.01 coin
Antigua & Barbuda,East Caribbean Dollar (XCD),No $0.01 coin
Argentina,Argentine Peso (ARS),1 centavo
Armenia,Armenian Dram (AMD),No $0.01 coin
Australia,Australian Dollar (AUD),1 cent
Austria,Euro (EUR),No $0.01 coin
Azerbaijan,Azerbaijani Manat (AZN),No $0.01 coin
Bahamas,Bahamian Dollar (BSD),1 cent
Bahrain,Bahraini Dinar (BHD),No $0.01 coin
Bangladesh,Bangladeshi Taka (BDT),No $0.01 coin
Barbados,Barbadian Dollar (BBD),No $0.01 coin
Belarus,Belarusian Ruble (BYN),No $0.01 coin
Belgium,Euro (EUR),No $0.01 coin
Belize,Belize Dollar (BZD),1 cent
Benin,West African CFA franc (XOF),No $0.01 coin
Bhutan,Bhutanese Ngultrum (BTN),No $0.01 coin
Bolivia,Bolivian Boliviano (BOB),No $0.01 coin
Bosnia & Herzegovina,Convertible Mark (BAM),No $0.01 coin
Botswana,Botswana Pula (BWP),No $0.01 coin
Brazil,Brazilian Real (BRL),No $0.01 coin
Brunei,Brunei Dollar (BND),1 cent
Bulgaria,Bulgarian Lev (BGN),No $0.01 coin
Burkina Faso,West African CFA franc (XOF),No $0.01 coin
Burundi,Burundian Franc (BIF),No $0.01 coin
Cabo Verde,Cape Verdean Escudo (CVE),No $0.01 coin
Cambodia,Cambodian Riel (KHR),No $0.01 coin
Cameroon,Central African CFA franc (XAF),No $0.01 coin
Canada,Canadian Dollar (CAD),1 cent
Central African Republic,Central African CFA franc (XAF),No $0.01 coin
Chad,Central African CFA franc (XAF),No $0.01 coin
Chile,Chilean Peso (CLP),No $0.01 coin
China,Chinese Yuan (CNY),1 fen
Colombia,Colombian Peso (COP),No $0.01 coin
Comoros,Comorian Franc (KMF),No $0.01 coin
Congo,Congolese Franc (CDF),No $0.01 coin
Costa Rica,Costa Rican Colón (CRC),No $0.01 coin
Côte d'Ivoire,West African CFA franc (XOF),No $0.01 coin
Croatia,Croatian Kuna (HRK),No $0.01 coin
Cuba,Cuban Peso (CUP),No $0.01 coin
Cyprus,Euro (EUR),No $0.01 coin
Czech Republic,Czech Koruna (CZK),No $0.01 coin
Denmark,Danish Krone (DKK),No $0.01 coin
Djibouti,Djiboutian Franc (DJF),No $0.01 coin
Dominica,East Caribbean Dollar (XCD),No $0.01 coin
Dominican Republic,Dominican Peso (DOP),No $0.01 coin
DR Congo,Dominican Peso (DOP),No $0.01 coin
Ecuador,Congolese Franc (CDF),No $0.01 coin
Egypt,US Dollar (USD),No $0.01 coin
El Salvador,Egyptian Pound (EGP),No $0.01 coin
Equatorial Guinea,Salvadoran Colón (SVC),No $0.01 coin
Eritrea,Central African CFA franc (XAF),No $0.01 coin
Estonia,Eritrean Nakfa (ERN),No $0.01 coin
Eswatini,Euro (EUR),No $0.01 coin
Ethiopia,Swazi Lilangeni (SZL),No $0.01 coin
Fiji,Ethiopian Birr (ETB),No $0.01 coin
Finland,Fijian Dollar (FJD),No $0.01 coin
France,Euro (EUR),No $0.01 coin
Gabon,Euro (EUR),No $0.01 coin
Gambia,Central African CFA franc (XAF),No $0.01 coin
Georgia,Gambian Dalasi (GMD),No $0.01 coin
Germany,Georgian Lari (GEL),No $0.01 coin
Ghana,Euro (EUR),No $0.01 coin
Greece,Ghanaian Cedi (GHS),No $0.01 coin
Grenada,Euro (EUR),No $0.01 coin
Guatemala,East Caribbean Dollar (XCD),No $0.01 coin
Guinea,Quetzal (GTQ),No $0.01 coin
Guinea-Bissau,West African CFA franc (XOF),No $0.01 coin
Guyana,West African CFA franc (XOF),No $0.01 coin
Haiti,Guyanese Dollar (GYD),No $0.01 coin
Holy See,Gourde (HTG),No $0.01 coin
Honduras,Euro (EUR),No $0.01 coin
Hungary,Lempira (HNL),No $0.01 coin
Iceland,Forint (HUF),No $0.01 coin
India,Indian Rupee (INR),No $0.01 coin
Indonesia,Indian Rupee (INR),No $0.01 coin
Iran,Rupiah (IDR),No $0.01 coin
Iraq,Iranian Rial (IRR),No $0.01 coin
Ireland,Iraqi Dinar (IQD),No $0.01 coin
Israel,Euro (EUR),No $0.01 coin
Italy,Israeli New Shekel (ILS),No $0.01 coin
Jamaica,Euro (EUR),No $0.01 coin
Japan,Japanese Yen (JPY),No $0.01 coin
Jordan,Japanese Yen (JPY),No $0.01 coin
Kazakhstan,Jordanian Dinar (JOD),No $0.01 coin
Kenya,Tenge (KZT),No $0.01 coin
Kiribati,Kenyan Shilling (KES),No $0.01 coin
Kuwait,Australian Dollar (AUD),No $0.01 coin
Kyrgyzstan,Kuwaiti Dinar (KWD),No $0.01 coin
Laos,Som (KGS),No $0.01 coin
Latvia,Lao Kip (LAK),No $0.01 coin
Lebanon,Euro (EUR),No $0.01 coin
Lesotho,Lebanese Pound (LBP),No $0.01 coin
Liberia,Loti (LSL),No $0.01 coin
Libya,Liberian Dollar (LRD),No $0.01 coin
Liechtenstein,Libyan Dinar (LYD),No $0.01 coin
Lithuania,Swiss Franc (CHF),No $0.01 coin
Luxembourg,Euro (EUR),No $0.01 coin
Madagascar,Euro (EUR),No $0.01 coin
Malawi,Malagasy Ariary (MGA),No $0.01 coin
Malaysia,Malawian Kwacha (MWK),No $0.01 coin
Maldives,Malaysian Ringgit (MYR),No $0.01 coin
Mali,Maldivian Rufiyaa (MVR),No $0.01 coin
Malta,West African CFA franc (XOF),No $0.01 coin
Marshall Islands,Euro (EUR),No $0.01 coin
Mauritania,US Dollar (USD),No $0.01 coin
Mauritius,Ouguiya (MRU),No $0.01 coin
Mexico,Mauritian Rupee (MUR),No $0.01 coin
Micronesia,Mexican Peso (MXN),No $0.01 coin
Moldova,US Dollar (USD),No $0.01 coin
Monaco,Moldovan Leu (MDL),No $0.01 coin
Mongolia,Euro (EUR),No $0.01 coin
Montenegro,Mongolian Tugrik (MNT),No $0.01 coin
Morocco,Euro (EUR),No $0.01 coin
Mozambique,Moroccan Dirham (MAD),No $0.01 coin
Myanmar,Mozambican Metical (MZN),No $0.01 coin
Namibia,Kyat (MMK),No $0.01 coin
Nauru,Namibian Dollar (NAD),No $0.01 coin
Nepal,Australian Dollar (AUD),No $0.01 coin
Netherlands,Nepalese Rupee (NPR),No $0.01 coin
New Zealand,Euro (EUR),No $0.01 coin
Nicaragua,New Zealand Dollar (NZD),No $0.01 coin
Niger,Cordoba (NIO),No $0.01 coin
Nigeria,CFA franc (XOF),No $0.01 coin
North Korea,Nigerian Naira (NGN),No $0.01 coin
North Macedonia,North Korean Won (KPW),No $0.01 coin
Norway,Macedonian Denar (MKD),No $0.01 coin
Oman,Norwegian Krone (NOK),No $0.01 coin
Pakistan,Omani Rial (OMR),No $0.01 coin
Palau,Pakistani Rupee (PKR),No $0.01 coin
Panama,US Dollar (USD),No $0.01 coin
Papua New Guinea,Balboa (PAB),No $0.01 coin
Paraguay,Kina (PGK),No $0.01 coin
Peru,Guaraní (PYG),No $0.01 coin
Philippines,Sol (PEN),No $0.01 coin
Poland,Philippine Peso (PHP),No $0.01 coin
Portugal,Zloty (PLN),No $0.01 coin
Qatar,Euro (EUR),No $0.01 coin
Romania,Qatari Riyal (QAR),No $0.01 coin
Russia,Romanian Leu (RON),No $0.01 coin
Rwanda,Russian Ruble (RUB),No $0.01 coin
Saint Kitts & Nevis,Rwandan Franc (RWF),No $0.01 coin
Saint Lucia,East Caribbean Dollar (XCD),No $0.01 coin
Samoa,East Caribbean Dollar (XCD),No $0.01 coin
San Marino,Tala (WST),No $0.01 coin
Sao Tome & Principe,Euro (EUR),No $0.01 coin
Saudi Arabia,Dobra (STN),No $0.01 coin
Senegal,Saudi Riyal (SAR),No $0.01 coin
Serbia,West African CFA franc (XOF),No $0.01 coin
Seychelles,Serbian Dinar (RSD),No $0.01 coin
Sierra Leone,Seychellois Rupee (SCR),No $0.01 coin
Singapore,Sierra Leonean Leone (SLL),No $0.01 coin
Slovakia,Singapore Dollar (SGD),No $0.01 coin
Slovenia,Euro (EUR),No $0.01 coin
Solomon Islands,Euro (EUR),No $0.01 coin
Somalia,Solomon Islands Dollar (SBD),No $0.01 coin
South Africa,South African Rand (ZAR),No $0.01 coin
South Korea,South African Rand (ZAR),No $0.01 coin
South Sudan,South Korean Won (KRW),No $0.01 coin
Spain,South Sudanese Pound (SSP),No $0.01 coin
Sri Lanka,Euro (EUR),No $0.01 coin
St. Vincent & Grenadines,Sri Lankan Rupee (LKR),No $0.01 coin
State of Palestine,East Caribbean Dollar (XCD),No $0.01 coin
Sudan,Euro (EUR),No $0.01 coin
Suriname,Palestinian New Shekel (ILS),No $0.01 coin
Sweden,Sudanese Pound (SDG),No $0.01 coin
Switzerland,Surinamese Dollar (SRD),No $0.01 coin
Syria,Swedish Krona (SEK),No $0.01 coin
Tajikistan,Swiss Franc (CHF),No $0.01 coin
Tanzania,Syrian Pound (SYP),No $0.01 coin
Thailand,Somoni (TJS),No $0.01 coin
Timor-Leste,Tanzanian Shilling (TZS),No $0.01 coin
Togo,Baht (THB),No $0.01 coin
Tonga,US Dollar (USD),No $0.01 coin
Trinidad & Tobago,CFA franc (XOF),No $0.01 coin
Tunisia,Paanga (TOP),No $0.01 coin
Turkey,Trinidad and Tobago Dollar (TTD),No $0.01 coin
Turkmenistan,Tunisian Dinar (TND),No $0.01 coin
Tuvalu,Turkish Lira (TRY),No $0.01 coin
Uganda,Turkmenistan Manat (TMT),No $0.01 coin
Ukraine,Australian Dollar (AUD),No $0.01 coin
United Arab Emirates,UAE Dirham (AED),No $0.01 coin
United Kingdom,British Pound Sterling (GBP),No $0.01 coin
United States,US Dollar (USD),No $0.01 coin
Uruguay,Pound Sterling (GBP),No $0.01 coin
Uzbekistan,US Dollar (USD),No $0.01 coin
Vanuatu,Peso Uruguayo (UYU),No $0.01 coin
Venezuela,Uzbekistani Som (UZS),No $0.01 coin
Vietnam,Vatu (VUV),No $0.01 coin
Yemen,Yemeni Rial (YER),No $0.01 coin
Zambia,Zambian Kwacha (ZMW),No $0.01 coin
Zimbabwe,Zimbabwean Dollar (ZWL),No $0.01 coin
