Model Name,Car Type,Engine Type,Power Output (HP),Fuel Efficiency (MPG),Starting Price (USD)
Synthetic Model 1,Sedan,Gasoline/Hybrid,163-364,100-56,"$25,706"
Synthetic Model 2,Sedan,Gasoline/Hybrid,112-203,100-58,"$20,832"
Synthetic Model 3,SUV,Gasoline/Hybrid,163-264,100-44,"$27,785"
Synthetic Model 4,SUV,Gasoline/Hybrid,196-356,100-39,"$33,772"
Synthetic Model 5,Truck,Gasoline,128-335,100-25,"$28,249"
Synthetic Model 6,Truck,Gasoline/Hybrid,281-528,100-24,"$36,585"
Synthetic Model 7,SUV,Gasoline,260,100-20,"$36,435"
Synthetic Model 8,Hatchback,Hybrid,128,100-61,"$24,506"
Synthetic Model 9,Minivan,Hybrid,228,100,"$33,889"
Synthetic Model 10,Sports,Gasoline,206-462,100-33,"$45,433"
Synthetic Model 11,SUV,Gasoline,148,100-34,"$24,013"
Synthetic Model 12,Sedan,Gasoline/Hybrid,165-364,100-48,"$36,645"
Synthetic Model 13,SUV,Gasoline/Hybrid,375,100-23,"$48,105"
Synthetic Model 14,SUV,Hybrid,200,100-44,"$32,481"
Synthetic Model 15,Sedan,Hydrogen Fuel Cell,183,100-81,"$49,421"
Synthetic Model 16,SUV,Gasoline,376,100-18,"$88,998"
Synthetic Model 17,Coupe,Gasoline,212,100-30,"$27,553"
Synthetic Model 18,Sedan,Gasoline,102,100-42,"$17,220"
Synthetic Model 19,Hatchback,Gasoline,106-190,100-35,"$19,749"
Synthetic Model 20,SUV,Gasoline,230,100-22,"$26,362"
Synthetic Model 21,SUV,Gasoline/Hybrid,112-203,100-35,"$21,321"
Synthetic Model 22,Sports,Gasoline,238,100-30,"$27,587"
Synthetic Model 23,Sports,Gasoline,206-462,100-33,"$46,083"
Synthetic Model 24,Hatchback,Gasoline,243,100-33,"$36,361"
Synthetic Model 25,Hatchback,Gasoline/Hybrid,112-203,100-39,"$20,884"
