Model Name,Car Type,Engine Type,Power Output (HP),Fuel Efficiency (MPG),Starting Price (USD)
Toyota Camry,Sedan,Gasoline/Hybrid,203-301,28-51,"25,000"
Toyota Corolla,Sedan,Gasoline/Hybrid,139-169,30-53,"20,500"
Toyota RAV4,SUV,Gasoline/Hybrid,203-219,26-40,"26,500"
Toyota Highlander,SUV,Gasoline/Hybrid,243-295,20-36,"35,000"
Toyota Tacoma,Truck,Gasoline,159-278,18-23,"27,000"
Toyota Tundra,Truck,Gasoline/Hybrid,348-437,17-22,"36,000"
Toyota 4Runner,SUV,Gasoline,270,16-19,"38,000"
Toyota Prius,Hatchback,Hybrid,121,52-56,"25,000"
Toyota Sienna,Minivan,Hybrid,245,36,"35,000"
Toyota Supra,Sports,Gasoline,255-382,22-30,"44,000"
Toyota C-HR,SUV,Gasoline,144,27-31,"23,500"
Toyota Avalon,Sedan,Gasoline/Hybrid,205-301,22-44,"36,000"
Toyota Sequoia,SUV,Gasoline/Hybrid,437,19-21,"50,000"
Toyota Venza,SUV,Hybrid,219,39-40,"33,000"
Toyota Mirai,Sedan,Hydrogen Fuel Cell,182,65-74 (MPGe),"50,000"
Toyota Land Cruiser,SUV,Gasoline,381,13-17,"85,000"
Toyota 86,Coupe,Gasoline,228,20-28,"28,000"
Toyota Yaris,Sedan,Gasoline,106,30-39,"17,750"
Toyota Matrix,Hatchback,Gasoline,132-158,25-32,"20,000 (discontinued)"
Toyota FJ Cruiser,SUV,Gasoline,260,16-20,"27,000 (discontinued)"
Toyota Corolla Cross,SUV,Gasoline/Hybrid,139-169,30-32,"22,000"
Toyota GR86,Sports,Gasoline,228,21-28,"28,000"
Toyota GR Supra,Sports,Gasoline,255-382,22-30,"44,000"
Toyota GR Yaris,Hatchback,Gasoline,268,28-30,"35,000 (est.)"
Toyota Corolla Hatchback,Hatchback,Gasoline/Hybrid,139-169,28-36,"21,000"
