English,Dutch,German,Similarity Score
winter,winter,Winter,4
summer,zomer,Sommer,4
friend,vriend,Freund,4
beer,bier,Bier,4
wine,wijn,Wein,4
church,kerk,Kirche,4
star,ster,Stern,4
moon,maan,Mond,4
sun,zon,Sonne,4
book,boek,Buch,4
storm,storm,Sturm,4
rain,regen,Regen,4
snow,sneeuw,Schnee,4
wind,wind,Wind,4
river,rivier,Fluss,4
sea,zee,Meer,4
lake,meer,See,4
island,eiland,Insel,4
mountain,berg,Berg,4
valley,vallei,Tal,4
street,straat,Straße,4
garden,tuin,Garten,4
tree,boom,Baum,4
flower,bloem,Blume,4
grass,gras,Gras,4
bird,vogel,Vogel,4
fish,vis,Fisch,4
animal,dier,Tier,4
cat,kat,Katze,4
dog,hond,Hund,4
heart,hart,Herz,4
hand,hand,Hand,5
foot,voet,Fuß,4
eye,oog,Auge,4
ear,oor,Ohr,4
mouth,mond,Mund,4
nose,neus,Nase,4
tooth,tand,Zahn,4
bone,been,Knochen,4
blood,bloed,Blut,4
head,hoofd,Kopf,4
light,licht,Licht,4
night,nacht,Nacht,4
day,dag,Tag,4
year,jaar,Jahr,4
old,oud,alt,4
new,nieuw,neu,4
good,goed,gut,4
bad,slecht,schlecht,4
high,hoog,hoch,4
